{"0": {"smoke": 0.05267623559357986, "high": 0.04454500459591317, "feel": 0.033585519338188506, "head": 0.030333026939121828, "good": 0.029555257017605883, "strong": 0.026727002757547903, "smell": 0.020646256098423247, "hour": 0.020080605246411653, "light": 0.01894930354238846, "nice": 0.017959414551368166}, "1": {"strain": 0.05847520355292376, "smoke": 0.04500370096225018, "smell": 0.033974833456698744, "high": 0.028941524796447075, "feel": 0.024056254626202814, "time": 0.01857883049592894, "hit": 0.018504811250925242, "good": 0.015840118430792006, "love": 0.014729829755736492, "weed": 0.012731310140636566}, "2": {"strain": 0.07240718915733647, "pain": 0.04795226870948733, "sleep": 0.03822922804949912, "time": 0.03417796110783736, "great": 0.03263111373011196, "night": 0.03211549793753683, "good": 0.024896876841484974, "anxiety": 0.024749558043606363, "strong": 0.0173836181496759, "relief": 0.016205067766647024}, "3": {"strain": 0.11105556349092986, "smell": 0.042636766176260534, "taste": 0.03863733752321097, "time": 0.03456649050135695, "good": 0.02656763319525782, "feel": 0.022139694329381517, "nice": 0.02206827596057706, "green": 0.01678331666904728, "recommend": 0.016069132981002713, "smoke": 0.014569347236109127}, "4": {"grow": 0.055121911965880746, "strain": 0.05391486279874467, "plant": 0.0399130924599662, "flower": 0.029291059789168745, "produce": 0.02864730023336284, "yield": 0.019312786674177195, "strong": 0.01730103806228374, "cannabis": 0.015369759394866017, "week": 0.01335801078297256, "breed": 0.013197070894021083}, "5": {"strain": 0.03922432789775231, "patient": 0.02872043484648156, "level": 0.02805935066842956, "anxiety": 0.02431320699280153, "low": 0.02306449243425885, "choice": 0.020860878507418832, "ratio": 0.02019979432936683, "effect": 0.018804172175701482, "indica": 0.017555457617158807, "medical": 0.01608638166593213}, "6": {"strain": 0.08764222958375342, "feel": 0.04090450813769264, "great": 0.023476883191703875, "smoke": 0.01987613423592107, "favorite": 0.01857986461183926, "happy": 0.01857986461183926, "day": 0.012458591387008498, "feeling": 0.012458591387008498, "start": 0.01166642661673628, "vape": 0.011594411637620625}, "7": {"strain": 0.04934653465346535, "great": 0.03398019801980198, "high": 0.024, "lot": 0.020831683168316833, "bud": 0.020435643564356436, "orange": 0.019722772277227723, "smell": 0.019326732673267327, "taste": 0.019168316831683168, "citrus": 0.018455445544554454, "feel": 0.018217821782178217}, "8": {"potent": 0.03833953937387947, "bud": 0.03813267135567508, "nug": 0.03551234312508619, "indica": 0.025513722245207558, "ideal": 0.022410701972141775, "trichome": 0.02068680182043856, "strain": 0.02027306578402979, "leave": 0.019169769686939734, "sweet": 0.017652737553440906, "average": 0.017514825541304648}, "9": {"nug": 0.02749182511808163, "super": 0.02731016107545113, "create": 0.0272496063945743, "flavor": 0.02543296596826935, "chronic": 0.024221872350732712, "level": 0.02410076298897905, "average": 0.022586895967058252, "lift": 0.02046748213636914, "effect": 0.01798474022041904, "state": 0.01774252149691171}, "10": {"high": 0.09523038302696575, "effect": 0.049396712284395496, "strain": 0.039598348044376064, "hybrid": 0.0395173698275164, "bud": 0.03279617782816422, "level": 0.02405053040732043, "genetic": 0.02405053040732043, "cross": 0.023321726455583447, "balance": 0.0211353146003725, "relax": 0.019839663130617864}, "11": {"sativa": 0.10318664643399089, "energetic": 0.027521037384466825, "focus": 0.025106911298110084, "great": 0.023589460615257275, "energy": 0.022554835149675816, "day": 0.02138225962201683, "depression": 0.02089943440474548, "daytime": 0.020209684094357843, "uplifting": 0.019726858877086494, "creative": 0.019381983721892676}, "12": {"purple": 0.043047679897771744, "strain": 0.03514096318185449, "high": 0.0325053909432154, "bud": 0.027234246465937226, "body": 0.027234246465937226, "sweet": 0.023959747623991695, "flavor": 0.02387988179857839, "grape": 0.01868860314671352, "berry": 0.018289274019646994, "indica": 0.017490615765513938}, "13": {"sweet": 0.03394833948339483, "leave": 0.03381415632338142, "bud": 0.030795035223079505, "chronic": 0.026366990942636698, "level": 0.024152968802415298, "effect": 0.02401878564240188, "create": 0.022408587722240858, "insanely": 0.019792016101979202, "nug": 0.019657832941965783, "hybrid": 0.01744381080174438}, "14": {"indica": 0.09477590636597202, "body": 0.05545246931201827, "heavy": 0.046888381387382244, "effect": 0.03568369968598344, "insomnia": 0.0340422495004282, "high": 0.024407650585212676, "deep": 0.023551241792749072, "pain": 0.022623465600913502, "sleepy": 0.01719954324864402, "dominant": 0.016129032258064516}, "15": {"strain": 0.05176767676767677, "indica": 0.03644781144781145, "high": 0.03148148148148148, "hybrid": 0.017760942760942762, "effect": 0.017760942760942762, "body": 0.017255892255892257, "cheese": 0.01717171717171717, "mind": 0.017003367003367003, "experience": 0.015488215488215488, "skunky": 0.013552188552188552}, "16": {"sweet": 0.06942313593126725, "flavor": 0.046563362994783676, "taste": 0.0413470389690089, "strain": 0.03643755753298558, "fruity": 0.02999386314820497, "berry": 0.02961030991101565, "bud": 0.027922675667382633, "hybrid": 0.025161092359619514, "aroma": 0.023933722000613684, "dominant": 0.022859772936483586}, "17": {"high": 0.05143881959729355, "sour": 0.04516181625499307, "sativa": 0.04459117958751121, "hybrid": 0.03334148528572593, "diesel": 0.03187413385505829, "bud": 0.03154805575935436, "citrus": 0.030895899567946524, "dominant": 0.029428548137278878, "lemon": 0.02681992337164751, "pungent": 0.026575364799869567}, "18": {"body": 0.05351091496571834, "pine": 0.042556545039010164, "feel": 0.032626684529907794, "green": 0.02584916069036173, "pain": 0.02521869335645047, "mind": 0.02443060918906139, "bud": 0.0214358893529829, "high": 0.02072661360233273, "buzz": 0.02001733785168256, "taste": 0.0193868705177713}, "19": {"pain": 0.08392844516722053, "strain": 0.06236300643427844, "high": 0.05069645761153928, "anxiety": 0.03598953545923778, "feel": 0.03528247189422329, "relief": 0.022767446793466734, "relaxed": 0.015555398430318886, "stress": 0.015555398430318886, "head": 0.01491904122180584, "inflammation": 0.012656437813759457}}